PassengerId,Survived,Pclass,Name,Sex,Age,SibSp,Parch,Ticket,Fare,Cabin,Embarked
1,0,3,"Wilson, Mrs. Anna",female,,0,0,529155,8.434,,S
2,0,2,"Wood, Mr. Frank",male,21.17,4,0,94564,17.6685,,S
3,0,3,"Brown, Mr. William",male,29.9,0,1,871122,2.6176,,S
4,1,3,"Hall, Miss. Catherine",female,35.1,0,0,134789,5.8496,,C
5,1,1,"Thomas, Mrs. Anna",female,,0,0,874224,36.3127,,S
6,0,3,"Taylor, Mr. George",male,51.55,0,2,762671,2.175,,Q
7,0,3,"Hughes, Mr. James",male,21.1,0,0,948184,8.2661,,C
8,0,3,"Green, Mr. Walter",male,,1,1,34417,2.6374,,S
9,1,1,"Lewis, Mr. Edward",male,49.99,0,0,224993,50.4287,G21,S
10,0,3,"Brown, Mr. Walter",male,32.75,0,2,61781,12.1585,,S
11,0,2,"Green, Mr. William",male,22.82,0,2,423409,43.9514,,C
12,0,3,"Harris, Mr. Frank",male,27.98,0,4,905596,5.3739,G52,S
13,1,3,"Evans, Mr. Edward",male,47.59,0,0,768609,11.9077,,Q
14,0,3,"Johnson, Mrs. Elizabeth",female,,0,1,706956,6.5359,,C
15,1,2,"Jackson, Mrs. Anna",female,,1,1,849915,3.828,,S
16,0,1,"Martin, Mr. Henry",male,29.45,0,0,14170,186.0206,,S
17,0,3,"Thomas, Mr. Walter",male,31.17,0,0,789786,12.5718,E24,S
18,0,1,"Hughes, Mr. George",male,17.18,0,2,318922,101.2188,,C
19,0,3,"Harris, Mr. Frank",male,29.28,1,0,694019,31.9357,,C
20,1,3,"Thomas, Mrs. Helen",female,16.03,0,0,765684,7.7735,G14,S
21,0,3,"Lewis, Mrs. Alice",female,,1,0,688892,3.5095,,S
22,1,2,"Walker, Mrs. Ellen",female,33.0,0,0,423424,8.1636,,S
23,1,3,"Evans, Mrs. Mary",female,10.79,0,0,615474,3.2026,,Q
24,1,3,"Davies, Miss. Anna",female,7.98,1,0,474109,23.6357,,S
25,0,3,"Wilson, Miss. Ellen",female,26.54,0,0,632032,38.1283,,C
26,0,1,"Wood, Mr. George",male,22.39,0,1,464210,77.9325,,S
27,0,3,"Johnson, Mr. William",male,37.65,3,0,400114,18.1404,,S
28,0,1,"Clark, Mr. Henry",male,28.86,0,0,210112,139.2023,B56,C
29,0,1,"Johnson, Mr. Charles",male,17.4,0,0,393570,215.4668,E34,S
30,0,3,"Lewis, Mr. Walter",male,17.56,0,1,724176,37.0965,,S
31,1,3,"Wood, Mrs. Helen",female,10.64,0,2,871546,1.6474,,S
32,0,3,"Jackson, Mr. Charles",male,27.97,1,0,111976,6.6931,,S
33,0,2,"Smith, Mr. George",male,51.32,0,0,190968,17.015,E98,S
34,0,2,"Wood, Mr. Edward",male,23.32,2,0,512178,9.2648,,S
35,0,3,"Green, Mr. Edward",male,33.79,0,0,705551,8.8446,F9,S
36,0,1,"Brown, Mr. John",male,,3,0,178256,96.5811,,S
37,1,1,"Martin, Mrs. Ellen",female,32.58,1,0,331631,94.704,,S
38,0,3,"Hughes, Mr. Charles",male,5.33,2,0,56067,21.066,,S
39,1,1,"Green, Miss. Elizabeth",female,,0,0,62065,72.6788,,S
40,0,3,"Taylor, Mr. Frank",male,19.25,0,0,151811,0.7557,A16,Q
41,0,2,"Jackson, Mr. George",male,,0,1,731881,12.7172,,S
42,0,3,"Martin, Mr. William",male,,0,0,870640,13.9099,,S
43,1,3,"Hughes, Mrs. Florence",female,41.64,0,0,503862,22.1021,,S
44,1,2,"Hughes, Miss. Bertha",female,18.11,1,0,184386,30.7215,B24,Q
45,0,3,"Johnson, Mr. George",male,27.66,0,1,922219,10.1166,,C
46,0,3,"Evans, Mrs. Ellen",female,18.35,1,0,285585,6.3293,,C
47,1,2,"Taylor, Mr. Edward",male,16.89,0,0,163143,16.1285,,Q
48,1,2,"Walker, Miss. Alice",female,41.44,2,0,146713,3.0056,,S
49,0,3,"Harris, Mr. James",male,25.48,0,0,359538,6.8623,,Q
50,1,1,"Martin, Mr. William",male,11.43,0,2,738188,161.031,,S
51,1,1,"Smith, Mrs. Elizabeth",female,,1,0,403136,67.581,,C
52,0,1,"Davies, Mr. James",male,31.54,1,0,450994,92.6752,,C
53,0,3,"Edwards, Mr. Edward",male,,1,0,346872,3.0686,B91,Q
54,0,3,"Martin, Mr. Edward",male,26.47,3,0,944197,21.9994,B6,S
55,0,3,"Hughes, Mr. George",male,29.74,0,0,686766,9.7204,,C
56,0,3,"Davies, Miss. Mary",female,37.33,1,0,667680,13.9921,,S
57,1,3,"Thomas, Mrs. Mary",female,29.47,0,0,443241,16.2588,,S
58,1,3,"Edwards, Miss. Catherine",female,11.67,0,0,536074,21.4489,,S
59,0,1,"Wilson, Mr. Thomas",male,,0,1,886142,80.5823,F59,S
60,0,1,"Thomas, Mr. James",male,36.31,0,2,660063,63.9608,,S
61,0,3,"Evans, Mr. John",male,26.88,0,1,815636,3.7874,,S
62,1,3,"Harris, Mr. Henry",male,34.75,1,0,50021,2.7883,A85,S
63,0,3,"Taylor, Mr. Henry",male,50.36,0,0,860981,12.2865,,S
64,1,3,"Smith, Mrs. Bertha",female,34.38,2,0,951152,14.0584,,S
65,0,3,"Johnson, Miss. Elizabeth",female,,0,2,671419,15.7703,F82,S
66,1,3,"Harris, Mrs. Elizabeth",female,37.43,0,0,956864,5.4035,D41,C
67,0,3,"Brown, Mr. Charles",male,46.03,0,0,572060,6.9158,,S
68,0,2,"Roberts, Mr. William",male,,0,0,283378,18.6507,,C
69,0,1,"Evans, Mr. Frank",male,42.94,0,1,610228,49.4643,,S
70,1,2,"Johnson, Mr. Edward",male,21.03,1,2,632011,74.5278,,S
71,0,1,"Green, Mr. William",male,10.69,0,1,153171,43.8951,,S
72,0,2,"Hughes, Mr. George",male,31.84,0,0,209895,22.7142,A32,S
73,0,3,"Johnson, Mr. Thomas",male,,1,0,298486,19.5549,,S
74,0,1,"Martin, Miss. Alice",female,35.25,0,0,551996,131.7656,,S
75,0,1,"Thomas, Mr. William",male,46.73,1,0,156513,48.7589,G49,S
76,1,2,"Harris, Miss. Bertha",female,,1,2,773080,25.1004,,S
77,0,2,"Roberts, Mr. Walter",male,13.37,0,0,118376,22.9356,,S
78,0,3,"Wilson, Mr. John",male,,0,0,940422,16.8159,,S
79,0,3,"Lewis, Mr. William",male,29.18,0,0,679043,12.0038,F4,C
80,1,3,"Thomas, Mr. William",male,,0,0,345824,19.6521,,S
81,1,3,"Taylor, Mr. Frank",male,48.19,0,0,378812,13.0837,,S
82,0,2,"Edwards, Mr. Thomas",male,42.41,2,0,696569,5.1699,,S
83,1,3,"Walker, Miss. Bertha",female,30.64,0,1,97900,12.7974,,S
84,1,1,"Clark, Mr. Frank",male,31.89,1,0,719262,89.9522,D2,S
85,1,1,"Hall, Mr. Edward",male,35.11,0,0,556648,120.8894,,S
86,0,1,"Clark, Mr. Frank",male,18.79,0,0,228937,79.4601,,S
87,0,3,"Davies, Mr. Edward",male,41.14,0,0,898317,33.8787,,S
88,0,3,"Wilson, Mr. Thomas",male,15.54,0,0,632741,10.1687,C48,S
89,0,1,"Roberts, Mr. Charles",male,40.86,8,1,172022,46.7167,,S
90,0,3,"Edwards, Miss. Bertha",female,23.1,0,0,658866,27.1232,E56,S
91,0,1,"Lewis, Mrs. Catherine",female,60.41,0,2,417122,64.3314,,Q
92,1,3,"Davies, Miss. Ellen",female,22.44,0,0,766434,11.4645,A96,S
93,1,2,"Davies, Mr. George",male,35.2,0,0,497192,21.4237,,S
94,0,2,"Martin, Mr. Walter",male,0.42,1,0,999946,20.1401,,S
95,1,2,"Smith, Mrs. Helen",female,46.15,1,0,928050,25.7252,,S
96,0,3,"Clark, Mr. William",male,28.53,1,1,49830,17.9518,A51,C
97,0,2,"Smith, Mr. George",male,29.34,0,0,416853,10.3138,,C
98,0,1,"Clark, Mr. Charles",male,,0,0,210281,26.477,,S
99,1,1,"Roberts, Mrs. Helen",female,46.96,1,0,455745,29.5067,,S
100,0,3,"Brown, Mr. Frank",male,15.18,0,1,153627,25.1518,,C
101,0,3,"Wilson, Mrs. Bertha",female,38.48,0,0,540310,9.33,A72,S
102,1,3,"Smith, Mrs. Elizabeth",female,6.58,0,0,162889,19.434,A12,Q
103,0,2,"Hall, Mr. John",male,31.49,0,0,626911,28.1423,,S
104,0,3,"Wilson, Miss. Catherine",female,38.22,1,1,459705,11.4627,,S
105,0,3,"Roberts, Mr. Henry",male,43.51,0,0,993087,5.3327,G26,S
106,0,3,"Martin, Mr. Henry",male,15.88,3,0,879750,18.6019,,S
107,0,3,"Hughes, Mr. Charles",male,32.28,0,2,604213,11.171,G48,C
108,1,2,"Hall, Mrs. Catherine",female,20.47,0,0,454235,5.9324,,S
109,0,1,"Evans, Mr. John",male,,0,0,718714,49.8017,A72,S
110,0,3,"Hall, Mr. James",male,32.34,0,0,671794,2.5581,,S
111,0,3,"Smith, Mr. George",male,22.39,0,0,147940,8.0059,G42,C
112,0,1,"Lewis, Mr. George",male,25.18,0,0,382733,76.9634,,S
113,0,2,"Clark, Mr. Walter",male,18.24,0,0,992252,15.8347,,Q
114,0,3,"Green, Mr. Walter",male,27.8,1,0,326466,9.3698,,C
115,1,1,"Clark, Mr. Walter",male,53.94,0,1,23119,76.3718,,S
116,0,3,"Roberts, Miss. Alice",female,32.27,0,0,835891,16.0198,,C
117,0,3,"Taylor, Mr. George",male,,0,0,933512,20.5098,,Q
118,0,3,"Edwards, Mrs. Anna",female,16.52,1,1,658991,22.4194,,S
119,0,2,"Wilson, Mr. John",male,52.46,0,0,638640,9.3586,,S
120,0,3,"Walker, Miss. Helen",female,27.17,0,0,357385,23.923,,S
121,0,3,"Clark, Mr. Charles",male,29.67,0,0,365795,11.1842,,S
122,0,3,"Walker, Mr. William",male,24.76,0,0,915017,8.5799,,S
123,1,1,"Davies, Mrs. Alice",female,15.96,0,0,859477,30.3334,,C
124,0,2,"Evans, Mr. James",male,26.94,0,0,503525,23.4466,,S
125,0,1,"Taylor, Mr. William",male,,4,2,319977,95.7957,D17,S
126,0,3,"Hall, Miss. Margaret",female,37.45,0,0,196391,7.1476,F48,S
127,1,2,"Johnson, Miss. Helen",female,43.48,0,0,20791,11.2639,,S
128,1,1,"Johnson, Mr. John",male,38.42,0,0,488389,64.6542,,S
129,0,1,"Roberts, Mr. Charles",male,,0,0,558321,54.6841,F89,S
130,0,3,"Clark, Mrs. Elizabeth",female,25.77,0,0,677951,5.8484,,S
131,1,1,"Edwards, Mrs. Mary",female,11.22,0,0,807046,27.3604,,S
132,1,3,"Smith, Mrs. Catherine",female,24.57,0,2,373441,24.1029,,S
133,0,3,"Smith, Mr. John",male,43.6,0,0,175131,7.6756,B95,Q
134,1,2,"Wood, Mrs. Florence",female,31.09,0,0,845346,22.7168,,S
135,0,3,"Hughes, Mr. Frank",male,27.83,1,0,764836,16.8677,,S
136,1,1,"Jackson, Mrs. Florence",female,,0,0,537812,98.8179,C5,S
137,0,3,"Harris, Mr. William",male,35.09,0,1,48778,17.5092,,S
138,1,3,"Martin, Miss. Anna",female,26.83,3,0,473086,15.1724,B94,S
139,0,3,"Walker, Mr. Walter",male,,1,0,623092,6.599,,S
140,0,1,"Martin, Mr. Thomas",male,31.48,0,0,860123,57.1461,,S
141,0,3,"Evans, Mrs. Anna",female,8.79,1,0,513102,23.669,,S
142,0,3,"Hall, Mr. Thomas",male,,0,1,468288,7.4959,,S
143,0,3,"Walker, Mrs. Bertha",female,22.89,0,0,386177,11.1962,,S
144,0,3,"Lewis, Mr. John",male,,1,0,420265,16.0694,,S
145,0,3,"Green, Mr. George",male,39.75,1,0,26208,29.5733,,Q
146,0,2,"Lewis, Mr. Charles",male,41.34,0,0,112679,34.2548,,S
147,0,2,"Taylor, Mr. William",male,20.97,0,0,758696,7.9179,,Q
148,0,3,"Roberts, Mr. Edward",male,8.98,0,0,368866,14.4326,F94,S
149,0,2,"Brown, Mr. Frank",male,23.06,0,0,852305,20.4054,,S
150,0,1,"Clark, Mr. William",male,41.56,3,0,403077,57.5351,,S
151,1,3,"Johnson, Miss. Catherine",female,32.52,0,0,996886,11.4424,,
152,1,3,"Brown, Miss. Mary",female,24.97,0,2,188815,6.5452,F35,S
153,1,1,"Evans, Mrs. Anna",female,,0,0,196185,63.7648,,C
154,0,3,"Johnson, Mr. Charles",male,,0,0,591944,7.5523,,S
155,0,1,"Evans, Mr. William",male,40.73,0,0,804640,78.1185,,S
156,0,3,"Walker, Mr. Thomas",male,40.01,4,0,152403,8.65,,S
157,1,2,"Walker, Mrs. Anna",female,33.23,0,1,507836,47.7877,,S
158,0,3,"Hughes, Mrs. Elizabeth",female,,0,0,231452,12.3854,,S
159,0,3,"Harris, Mr. Henry",male,26.82,0,0,739805,10.7015,,S
160,0,3,"Evans, Mrs. Margaret",female,,0,2,565480,9.4699,,S
161,0,1,"Wood, Mr. Thomas",male,24.44,0,1,657702,56.0103,,S
162,0,3,"Taylor, Mr. Thomas",male,64.25,0,1,276293,3.8569,,S
163,1,1,"Davies, Mr. George",male,37.23,0,0,295974,125.3694,,S
164,1,1,"Evans, Mr. Edward",male,,0,0,643270,175.4256,,S
165,0,3,"Walker, Miss. Florence",female,29.78,1,0,359397,7.4601,,S
166,0,2,"Lewis, Mrs. Ellen",female,34.34,0,0,693607,36.2871,G89,C
167,0,3,"Martin, Mr. Frank",male,49.56,0,0,162435,48.1317,,Q
168,1,3,"Hall, Mr. Charles",male,21.41,0,0,308277,37.2542,,S
169,0,2,"Lewis, Mrs. Bertha",female,2.88,0,0,110659,40.5493,,S
170,0,3,"Roberts, Mrs. Ellen",female,10.31,2,0,96513,4.3169,,C
171,0,2,"Clark, Mr. Henry",male,,0,0,269806,6.5716,F66,S
172,1,3,"Harris, Mr. Walter",male,31.23,0,0,494556,17.4505,E78,S
173,1,2,"Edwards, Mr. Walter",male,,0,0,152979,17.3519,,S
174,1,3,"Taylor, Mr. Edward",male,29.27,2,0,101969,1.527,C88,S
175,1,1,"Taylor, Miss. Margaret",female,29.04,0,0,878511,52.7264,C11,Q
176,0,1,"Jackson, Mr. Thomas",male,,0,0,520082,109.3383,,C
177,1,2,"Roberts, Miss. Florence",female,,0,0,718418,15.3493,F57,Q
178,0,3,"Thomas, Mr. Charles",male,,0,0,728954,11.3198,,C
179,0,3,"Hughes, Mr. Henry",male,,1,0,110584,4.2657,,S
180,0,3,"Taylor, Mrs. Mary",female,14.35,0,0,624125,8.0775,,C
181,0,3,"Taylor, Mr. John",male,44.3,0,0,862069,17.5015,G23,S
182,0,3,"Johnson, Mr. James",male,,0,0,453784,7.7685,B2,S
183,1,3,"Taylor, Miss. Catherine",female,33.56,1,0,863395,24.8597,,S
184,1,2,"Jackson, Mrs. Mary",female,62.14,0,1,946399,17.7088,,S
185,0,3,"Green, Mr. Edward",male,37.45,0,0,550946,15.2002,,S
186,0,3,"Green, Mr. Edward",male,21.63,4,0,110729,17.2299,,S
187,0,2,"Harris, Mr. Charles",male,26.63,0,2,621287,25.782,,S
188,0,1,"Thomas, Mr. Frank",male,42.61,1,1,881200,32.4312,,S
189,0,3,"Clark, Mr. Walter",male,41.37,1,0,583522,5.8125,,S
190,1,2,"Jackson, Mr. Edward",male,17.24,1,0,802126,2.2979,G24,S
191,1,3,"Hughes, Miss. Anna",female,17.73,0,4,540004,8.8201,A75,S
192,1,1,"Brown, Miss. Bertha",female,18.91,0,0,425540,35.2033,A42,S
193,1,1,"Thomas, Miss. Mary",female,25.85,1,0,946122,49.0134,,Q
194,0,3,"Lewis, Miss. Margaret",female,14.19,1,0,161338,9.5329,D7,S
195,1,1,"Davies, Mrs. Anna",female,12.05,3,1,453130,81.6069,,S
196,1,1,"Martin, Miss. Ellen",female,27.34,0,0,164307,65.1985,B80,S
197,1,3,"Taylor, Mrs. Anna",female,16.41,0,0,658167,9.9511,B76,C
198,0,3,"Wood, Mr. George",male,25.26,0,0,922586,14.3651,,S
199,1,1,"Lewis, Mr. John",male,24.53,0,0,997807,70.8002,D13,S
200,0,2,"Hughes, Mr. William",male,23.06,0,0,241367,31.3439,D42,S
201,0,3,"Hughes, Mr. Thomas",male,30.09,1,1,730333,10.983,A96,C
202,0,3,"Evans, Mr. George",male,23.04,0,0,875373,29.6927,G19,Q
203,0,3,"Wilson, Mr. George",male,10.99,0,2,835380,4.8454,,S
204,1,1,"Harris, Mr. William",male,40.14,0,1,508261,56.2118,,S
205,0,1,"Lewis, Mr. Frank",male,,0,0,182735,42.926,,S
206,1,1,"Evans, Mr. Henry",male,40.96,1,0,467116,83.8926,,S
207,0,1,"Davies, Miss. Mary",female,,0,0,778253,31.2909,G55,C
208,0,3,"Wood, Mrs. Margaret",female,26.09,0,4,623315,3.0972,,Q
209,0,1,"Davies, Mr. George",male,,0,0,394385,36.6181,,Q
210,0,3,"Smith, Mr. George",male,16.59,0,0,222888,3.3126,B67,C
211,0,3,"Harris, Mr. George",male,30.12,0,1,655342,9.6287,,S
212,0,3,"Davies, Mrs. Catherine",female,38.0,1,0,434086,12.6035,E85,Q
213,1,1,"Walker, Miss. Alice",female,33.78,1,1,477365,17.2185,E21,S
214,0,3,"Lewis, Mr. Henry",male,55.02,0,0,939098,8.2873,,S
215,0,3,"Clark, Miss. Alice",female,31.65,0,0,19034,22.2255,D29,S
216,0,3,"Evans, Mr. Henry",male,,0,0,245874,26.5874,G68,S
217,1,1,"Green, Mr. James",male,18.1,0,0,920625,119.2649,,C
218,1,1,"Thomas, Mrs. Ellen",female,40.16,0,0,922366,5.7819,,Q
219,0,3,"Wilson, Mr. Frank",male,42.62,1,2,309479,11.7952,,C
220,0,2,"Johnson, Mr. Charles",male,,0,0,994266,36.8718,,C
221,1,2,"Martin, Mr. James",male,36.41,1,0,219464,11.7686,F30,S
222,0,3,"Smith, Mr. Thomas",male,28.6,0,1,61388,3.918,,S
223,0,3,"Walker, Miss. Anna",female,36.22,0,1,314044,22.7839,B34,C
224,1,3,"Martin, Miss. Florence",female,31.67,0,0,536064,25.0345,A84,S
225,0,2,"Davies, Mr. Thomas",male,,0,2,15955,16.7668,,C
226,0,3,"Martin, Mr. Thomas",male,30.98,0,0,180100,3.9514,,S
227,1,1,"Wood, Miss. Mary",female,37.12,1,0,792992,15.0994,,S
228,0,3,"Harris, Mr. George",male,44.25,0,0,625496,13.9291,,S
229,0,3,"Taylor, Miss. Elizabeth",female,23.13,0,1,609233,6.689,,S
230,1,1,"Harris, Mrs. Elizabeth",female,28.92,0,0,989646,67.1946,,C
231,0,1,"Hall, Mr. Henry",male,21.36,0,0,236106,61.9651,,Q
232,1,2,"Lewis, Mrs. Elizabeth",female,21.66,0,0,897911,8.3321,,S
233,0,3,"Johnson, Mr. James",male,22.62,0,0,361647,2.2077,,S
234,0,3,"Johnson, Mr. William",male,21.93,0,0,925599,7.8099,,S
235,0,3,"Smith, Mr. Henry",male,40.22,0,0,785339,12.132,,S
236,0,3,"Taylor, Mr. Edward",male,42.69,1,0,221216,12.5451,,S
237,1,3,"Martin, Miss. Bertha",female,18.15,1,0,217294,6.346,,S
238,0,3,"Harris, Miss. Ellen",female,,0,0,546895,24.6983,C10,S
239,1,1,"Green, Mrs. Helen",female,,0,2,507724,27.8936,,S
240,1,1,"Thomas, Mrs. Alice",female,64.4,0,0,242482,136.1081,,S
241,0,3,"Hall, Mr. Walter",male,19.32,0,0,267771,11.8532,,C
242,0,3,"Davies, Mr. Edward",male,50.48,0,0,900429,7.8639,B9,S
243,1,1,"Hughes, Mrs. Ellen",female,39.7,0,0,756161,98.3811,,S
244,0,3,"Clark, Miss. Bertha",female,18.55,0,6,199242,9.163,,S
245,0,3,"Wilson, Mr. George",male,,0,0,727988,3.0589,,C
246,0,3,"Wood, Mr. James",male,,0,0,162419,4.0403,,C
247,0,3,"Brown, Mr. Frank",male,10.91,1,0,450552,8.7178,,S
248,0,2,"Smith, Mr. Thomas",male,38.23,0,0,22040,10.8775,C91,S
249,1,2,"Smith, Miss. Ellen",female,37.85,0,0,652731,31.9082,,C
250,0,2,"Roberts, Mr. John",male,,0,4,190128,10.4813,D17,S
251,0,3,"Lewis, Mrs. Alice",female,,1,0,243714,6.4791,,S
252,0,3,"Smith, Mrs. Bertha",female,25.42,1,0,197865,5.8092,,Q
253,0,3,"Davies, Miss. Bertha",female,11.47,0,0,191575,5.4056,,S
254,0,2,"Thomas, Mr. George",male,49.88,0,0,86715,8.5458,,S
255,1,1,"Hughes, Mr. Edward",male,30.84,0,0,558926,22.6622,,C
256,0,3,"Hughes, Miss. Ellen",female,22.23,0,0,869062,12.2167,C83,S
257,1,3,"Harris, Miss. Florence",female,37.87,0,0,308501,9.7541,,S
258,1,1,"Martin, Mr. Frank",male,21.19,0,0,782197,61.071,E58,S
259,1,1,"Evans, Mrs. Margaret",female,,0,1,548142,16.0409,G53,C
260,0,3,"Walker, Mr. George",male,5.36,1,0,261936,14.3204,,C
261,1,1,"Martin, Miss. Mary",female,43.21,0,2,71069,99.0776,,C
262,1,3,"Evans, Mr. Thomas",male,0.84,0,0,785424,28.7592,,S
263,1,2,"Davies, Mr. Frank",male,12.81,0,0,32681,22.712,,C
264,0,1,"Clark, Mr. Henry",male,23.02,0,1,427942,210.6678,,Q
265,0,3,"Edwards, Mr. Walter",male,19.19,0,0,43913,6.2246,A6,S
266,0,1,"Brown, Mr. John",male,35.15,1,0,777764,192.4175,,S
267,0,2,"Davies, Mr. Walter",male,33.97,1,0,989925,23.2266,,S
268,0,1,"Thomas, Mr. Thomas",male,41.62,0,0,329777,89.145,,C
269,0,1,"Clark, Miss. Florence",female,35.1,1,1,320472,59.906,C73,S
270,0,1,"Roberts, Mr. George",male,44.83,0,0,569007,50.6545,,S
271,1,1,"Edwards, Miss. Margaret",female,15.83,0,1,506969,42.7511,,Q
272,1,1,"Roberts, Miss. Mary",female,16.22,0,0,387794,196.7194,,Q
273,0,1,"Clark, Mr. James",male,,0,0,372221,58.4724,,Q
274,0,3,"Green, Mr. Frank",male,31.84,0,0,195798,15.2866,,S
275,1,3,"Hughes, Miss. Mary",female,,1,1,258247,17.6581,D72,S
276,1,2,"Harris, Miss. Mary",female,,0,0,589775,26.9029,,S
277,0,2,"Wilson, Mr. James",male,19.37,1,1,737043,18.8569,,S
278,0,3,"Jackson, Miss. Ellen",female,,0,0,753321,29.4186,,C
279,1,3,"Green, Mr. Charles",male,28.78,1,0,521301,14.46,B49,S
280,0,3,"Edwards, Mr. Charles",male,21.38,0,0,755575,6.4811,,S
281,1,1,"Smith, Mrs. Ellen",female,12.2,1,0,596093,52.5131,,S
282,0,1,"Harris, Mr. James",male,14.26,0,2,362726,16.9681,,S
283,1,1,"Johnson, Mrs. Ellen",female,28.55,0,0,359823,85.4501,G89,C
284,1,2,"Wilson, Mr. William",male,31.02,0,0,523524,24.8972,,S
285,1,3,"Walker, Mrs. Helen",female,21.59,1,0,314581,17.1551,,S
286,1,2,"Green, Mr. John",male,40.51,0,0,766140,23.2269,,S
287,0,1,"Green, Mr. Edward",male,22.71,0,0,193344,60.0633,,S
288,0,2,"Jackson, Mr. Frank",male,11.72,1,2,63952,16.3788,,S
289,0,3,"Hall, Mr. Frank",male,,0,0,496231,10.6692,,Q
290,1,1,"Evans, Mrs. Mary",female,8.8,1,0,81169,134.3318,C33,S
291,0,3,"Lewis, Mr. Edward",male,24.68,0,0,199668,1.6935,,S
292,1,1,"Thomas, Mr. Thomas",male,,0,0,382460,47.9915,,C
293,0,3,"Hall, Mr. Edward",male,44.85,0,0,14130,4.5501,,S
294,0,1,"Edwards, Mr. Edward",male,30.26,0,0,231236,241.1509,,S
295,1,3,"Evans, Mrs. Alice",female,27.35,0,0,549324,23.5776,,
296,0,3,"Davies, Mr. William",male,,0,0,380899,7.6765,,S
297,0,3,"Thomas, Mrs. Alice",female,,0,2,897394,3.1724,,S
298,0,3,"Martin, Mr. James",male,54.54,1,2,102815,4.0509,,C
299,0,3,"Edwards, Miss. Florence",female,31.91,1,1,722526,20.6007,,Q
300,0,3,"Jackson, Mr. John",male,0.94,0,0,596087,2.5484,,S
301,0,3,"Green, Mr. Edward",male,34.65,0,0,647801,10.7739,,S
302,1,1,"Wood, Mrs. Florence",female,17.19,0,0,675022,118.7931,,S
303,1,3,"Clark, Mrs. Elizabeth",female,,1,0,61833,3.7004,,S
304,0,3,"Jackson, Miss. Ellen",female,26.71,1,0,793921,10.6889,,S
305,0,3,"Lewis, Mr. William",male,16.74,0,0,338048,7.7771,,S
306,0,3,"Hughes, Mr. Frank",male,41.86,0,2,654017,6.9988,,S
307,1,2,"Roberts, Mrs. Anna",female,24.04,1,1,301013,9.3506,,Q
308,0,3,"Roberts, Mr. John",male,32.92,1,0,402417,19.4239,,C
309,1,2,"Hall, Mrs. Anna",female,24.81,0,0,703033,41.4244,,S
310,1,1,"Walker, Mr. Edward",male,21.62,1,0,935578,56.5172,,C
311,0,3,"Wood, Mr. Edward",male,21.21,0,0,879186,13.8384,G40,S
312,1,2,"Roberts, Miss. Anna",female,27.18,0,1,729067,16.7249,,C
313,1,1,"Wilson, Miss. Helen",female,30.38,1,6,543151,12.587,,S
314,0,2,"Clark, Mr. John",male,33.6,0,0,532403,13.0524,,S
315,0,2,"Evans, Mr. Edward",male,12.44,0,0,965957,2.3946,,S
316,0,2,"Jackson, Mr. John",male,,1,0,214781,11.1888,,S
317,0,2,"Lewis, Mr. Charles",male,20.3,1,0,954538,16.1108,E6,S
318,0,3,"Johnson, Mr. Frank",male,41.31,0,0,652484,17.3946,,
319,0,2,"Evans, Mr. Thomas",male,45.32,0,0,619967,19.9561,,S
320,0,3,"Wilson, Mrs. Bertha",female,23.72,1,0,595802,19.7635,,S
321,1,3,"Edwards, Miss. Alice",female,24.67,0,0,814351,5.2871,,S
322,1,3,"Walker, Mr. William",male,0.42,4,0,686496,24.718,,S
323,0,2,"Harris, Mr. Walter",male,7.03,1,0,103881,41.4532,,S
324,0,3,"Evans, Mr. Walter",male,48.48,0,0,783312,1.4676,G30,S
325,0,3,"Thomas, Mr. Frank",male,24.78,0,1,731445,2.4003,,S
326,1,3,"Martin, Mr. Walter",male,20.24,1,0,915898,10.2897,,S
327,0,3,"Clark, Mr. John",male,,8,0,937107,6.8456,E67,C
328,0,3,"Harris, Miss. Alice",female,25.69,0,0,949565,7.7235,,S
329,0,3,"Clark, Mr. William",male,30.32,0,0,52346,12.8875,,S
330,0,2,"Lewis, Mr. John",male,26.19,1,0,633883,31.2231,,S
331,0,3,"Harris, Mr. William",male,28.28,0,0,935071,5.0513,G9,S
332,1,1,"Wilson, Mrs. Florence",female,35.52,0,0,966295,145.9499,E64,S
333,0,3,"Jackson, Mr. Henry",male,50.8,1,3,553807,5.988,,S
334,1,3,"Hall, Mr. Edward",male,35.49,1,0,912307,40.5967,B65,C
335,1,1,"Roberts, Miss. Alice",female,25.8,1,0,881637,160.4775,,S
336,0,3,"Jackson, Mr. William",male,45.2,0,1,12588,6.5044,E96,S
337,0,1,"Evans, Mr. Henry",male,,0,0,886136,20.945,,S
338,0,3,"Wood, Miss. Florence",female,,1,0,641240,6.3825,,S
339,0,1,"Johnson, Mr. Edward",male,,0,1,577986,36.704,,C
340,0,3,"Lewis, Mr. John",male,,0,0,186684,15.9414,,S
341,0,1,"Brown, Mr. Walter",male,2.33,1,0,919491,9.7645,A23,S
342,0,3,"Davies, Mr. Walter",male,16.76,0,0,302240,2.4312,,C
343,0,3,"Clark, Miss. Bertha",female,63.61,1,0,423643,15.6296,,S
344,0,3,"Harris, Mr. John",male,31.48,0,2,304524,5.4782,,S
345,0,3,"Evans, Mr. John",male,32.4,3,0,969944,7.3479,,C
346,0,3,"Johnson, Mr. Thomas",male,55.36,0,0,488297,18.328,,S
347,0,3,"Harris, Mr. Henry",male,,0,0,122883,20.9062,,S
348,0,2,"Thomas, Mr. James",male,29.64,1,0,20757,36.9991,,Q
349,0,3,"Hall, Mr. James",male,,0,0,980369,17.2945,,S
350,1,1,"Davies, Miss. Mary",female,29.19,1,0,243438,58.5441,,S
351,1,3,"Wilson, Mr. William",male,30.37,0,1,773014,8.4922,,S
352,1,1,"Harris, Mr. Frank",male,9.2,1,0,38829,50.0373,,S
353,0,3,"Martin, Mr. James",male,48.33,1,1,897824,3.7135,,S
354,0,3,"Brown, Mr. George",male,,0,0,654052,4.876,C40,S
355,0,3,"Evans, Mr. Walter",male,,0,0,232497,21.9979,,S
356,0,3,"Brown, Mr. Henry",male,29.58,0,0,890393,5.9526,,C
357,0,3,"Davies, Mr. Frank",male,43.36,3,1,304838,3.7355,B37,S
358,1,3,"Wilson, Miss. Helen",female,12.61,4,0,997809,23.2256,,S
359,1,3,"Hughes, Mrs. Ellen",female,,4,0,603524,12.3292,,C
360,0,3,"Walker, Mr. Thomas",male,22.41,0,1,454070,30.8778,,C
361,0,3,"Hall, Mr. Walter",male,31.55,0,0,67930,28.7579,,C
362,1,1,"Lewis, Mr. James",male,34.13,1,0,267539,26.1317,E11,C
363,0,1,"Evans, Mr. John",male,19.8,1,0,67713,63.2513,,S
364,1,1,"Wilson, Mr. George",male,28.37,0,0,854571,29.4818,,S
365,0,3,"Clark, Mrs. Bertha",female,35.32,0,0,109171,4.5274,,Q
366,0,2,"Thomas, Miss. Elizabeth",female,,0,0,122026,11.6429,A34,S
367,1,3,"Hall, Mrs. Helen",female,14.66,0,2,133243,16.2651,,S
368,0,3,"Wilson, Mr. Charles",male,50.09,0,0,974495,16.3318,,Q
369,1,2,"Harris, Mrs. Margaret",female,12.25,0,0,970853,23.0121,,S
370,0,3,"Walker, Mr. James",male,33.37,0,4,717688,9.0391,,S
371,0,3,"Hughes, Mr. Edward",male,12.82,1,0,83010,16.9393,,S
372,0,2,"Harris, Mr. John",male,24.19,1,0,508894,5.6677,,S
373,1,2,"Wood, Mrs. Elizabeth",female,32.15,2,0,948924,19.1881,,S
374,1,2,"Davies, Mr. Walter",male,50.62,0,0,105683,16.4965,,S
375,1,1,"Thomas, Miss. Bertha",female,31.85,0,0,795650,55.7474,,Q
376,0,1,"Johnson, Mr. Charles",male,47.99,0,2,28013,82.8449,,S
377,0,3,"Roberts, Mrs. Mary",female,46.29,0,1,805902,4.6423,,S
378,0,2,"Brown, Mr. Thomas",male,51.16,0,0,549086,23.6489,A88,C
379,0,2,"Wilson, Mr. Charles",male,29.23,1,0,889016,16.1801,,C
380,0,3,"Thomas, Miss. Anna",female,18.18,1,1,419711,2.6708,,S
381,0,3,"Evans, Mr. Henry",male,,1,0,787470,10.3384,,S
382,0,3,"Evans, Mr. Henry",male,20.04,0,1,844237,6.9015,,S
383,1,3,"Lewis, Mr. George",male,14.27,0,0,331654,22.3687,,C
384,0,3,"Roberts, Mr. Charles",male,60.3,0,0,645881,3.9383,,S
385,1,2,"Hughes, Mr. Edward",male,40.65,0,1,466285,6.26,,S
386,0,3,"Edwards, Mr. Walter",male,25.66,1,0,437576,14.0107,B77,C
387,0,3,"Edwards, Mr. William",male,,0,0,801736,9.3178,A4,S
388,1,3,"Wilson, Mrs. Ellen",female,0.42,1,1,233746,8.9791,,S
389,0,1,"Martin, Mr. Charles",male,55.56,0,0,128452,263.2956,,C
390,0,3,"Hughes, Mr. Henry",male,9.88,8,0,485617,16.6542,G80,C
391,0,3,"Hall, Mr. Thomas",male,26.55,8,0,823431,8.1207,,S
392,0,1,"Thomas, Mr. John",male,23.99,0,0,171364,15.1073,,S
393,0,3,"Martin, Mr. Walter",male,4.34,1,0,346815,7.7643,,S
394,1,3,"Smith, Mrs. Ellen",female,19.73,0,0,670341,3.5746,F8,S
395,1,1,"Evans, Miss. Mary",female,32.17,1,0,482084,31.7119,,S
396,0,3,"Taylor, Mr. Henry",male,39.62,1,1,609671,5.0529,,S
397,0,3,"Harris, Mr. Edward",male,60.68,1,0,532737,21.184,,S
398,1,2,"Lewis, Mr. Thomas",male,25.41,1,0,811969,4.4621,,S
399,0,3,"Green, Mr. Edward",male,24.53,0,0,876503,19.7681,,S
400,1,2,"Evans, Mr. Frank",male,31.54,1,1,455033,22.2573,,S
401,1,2,"Edwards, Miss. Florence",female,59.8,1,0,437296,22.0249,A43,S
402,0,3,"Roberts, Mr. George",male,22.63,0,1,285861,4.7355,,S
403,0,3,"Green, Mr. John",male,,0,0,449303,18.0082,,S
404,0,1,"Walker, Mr. John",male,43.74,1,0,838030,27.505,B64,S
405,0,3,"Harris, Mr. George",male,34.92,0,2,506635,27.2282,,Q
406,0,3,"Smith, Mr. George",male,3.42,0,1,694086,21.5217,,C
407,0,2,"Wilson, Mr. Charles",male,14.07,1,0,424222,46.7077,E16,S
408,1,3,"Davies, Mrs. Elizabeth",female,,0,0,709641,10.7645,G40,S
409,0,1,"Davies, Mr. Walter",male,35.23,0,0,715306,60.1748,,C
410,0,3,"Lewis, Mr. Charles",male,20.09,0,0,532803,7.5973,,S
411,0,3,"Jackson, Mr. Henry",male,,0,1,935152,40.182,,Q
412,0,3,"Jackson, Mrs. Florence",female,23.89,1,1,877217,16.1636,,S
413,0,1,"Martin, Mr. James",male,39.56,0,0,166834,23.344,,S
414,1,3,"Clark, Mrs. Catherine",female,30.88,0,0,235505,25.1667,,S
415,1,1,"Evans, Miss. Catherine",female,33.14,1,0,955248,58.4227,,S
416,0,1,"Taylor, Mr. Walter",male,33.55,1,0,407674,3.9613,,S
417,1,1,"Davies, Mrs. Elizabeth",female,23.89,1,0,317289,36.593,,C
418,0,3,"Roberts, Mr. Charles",male,37.43,0,0,798269,21.512,,S
419,1,1,"Hall, Mrs. Alice",female,36.66,1,0,606125,93.7064,,S
420,1,3,"Wood, Mr. James",male,34.64,0,0,141631,16.584,C23,S
421,1,3,"Taylor, Miss. Anna",female,39.55,0,2,100864,25.0018,,C
422,0,1,"Taylor, Mr. William",male,,0,0,810027,12.4906,G38,S
423,0,1,"Hughes, Mr. Henry",male,31.81,1,0,767211,36.9737,G18,S
424,0,1,"Clark, Mr. Frank",male,28.75,0,0,359068,70.7292,,S
425,1,3,"Martin, Miss. Ellen",female,18.18,1,0,863827,21.9467,,S
426,0,3,"Lewis, Mr. George",male,29.06,0,0,134248,4.2349,,C
427,0,1,"Lewis, Mr. Henry",male,46.38,0,0,870342,52.2237,F23,S
428,0,3,"Thomas, Miss. Bertha",female,32.57,0,0,88357,10.4308,D57,S
429,0,1,"Harris, Mrs. Ellen",female,42.29,0,0,639709,35.428,B63,C
430,0,3,"Hughes, Mr. Walter",male,23.6,1,1,844597,10.3417,,S
431,1,3,"Brown, Mr. James",male,32.61,1,0,623107,9.2776,,S
432,0,3,"Roberts, Mr. Edward",male,25.14,1,0,780828,6.7638,,S
433,1,3,"Hughes, Miss. Anna",female,34.11,0,0,350375,17.9765,,Q
434,0,3,"Thomas, Mr. James",male,36.8,0,1,295160,15.7918,,S
435,1,1,"Harris, Miss. Florence",female,47.25,0,0,273272,119.7502,,S
436,1,1,"Green, Mr. James",male,,1,1,125198,127.079,,S
437,1,1,"Johnson, Mr. Walter",male,42.95,0,0,284556,16.5905,,S
438,0,3,"Johnson, Mr. Walter",male,17.85,0,0,254761,2.8732,,S
439,0,3,"Thomas, Mr. Thomas",male,18.25,1,0,759131,16.9309,,S
440,0,3,"Lewis, Miss. Ellen",female,,0,0,220857,7.2861,,S
441,0,3,"Lewis, Mr. Frank",male,24.13,0,0,174298,6.5547,E12,S
442,0,1,"Walker, Mr. Henry",male,,0,0,735724,37.2137,,Q
443,1,3,"Taylor, Miss. Ellen",female,2.39,0,0,542471,18.9804,,S
444,1,1,"Clark, Mrs. Helen",female,27.28,0,0,223407,248.9493,,C
445,1,2,"Smith, Miss. Mary",female,27.48,0,0,708834,30.1476,,S
446,0,3,"Edwards, Mr. Charles",male,25.89,1,0,223937,7.021,,S
447,0,3,"Evans, Mr. William",male,45.32,0,0,787722,18.3213,,S
448,1,3,"Smith, Miss. Florence",female,27.14,0,0,41945,2.7841,,S
449,0,1,"Hall, Mr. James",male,62.13,0,1,594231,56.7414,,S
450,0,3,"Clark, Mr. George",male,32.22,0,0,600890,1.936,,S
451,1,1,"Walker, Miss. Alice",female,1.96,0,1,379106,47.1509,,Q
452,1,3,"Taylor, Mr. John",male,30.05,0,1,692089,11.8525,,C
453,0,3,"Martin, Mr. George",male,33.33,0,0,385926,43.2196,,S
454,1,1,"Thomas, Mrs. Catherine",female,19.82,0,2,656954,149.5689,,S
455,0,1,"Edwards, Mr. Walter",male,57.0,1,0,231318,12.7958,,S
456,0,1,"Wilson, Mr. John",male,19.01,2,0,572912,14.1924,G45,Q
457,0,3,"Martin, Mr. Frank",male,41.17,0,1,758697,5.5153,,S
458,0,3,"Smith, Mr. Walter",male,32.7,0,0,966413,32.9066,A72,S
459,0,3,"Brown, Mr. Frank",male,9.58,1,0,366688,2.0829,,S
460,0,3,"Martin, Mrs. Catherine",female,24.89,8,0,478010,5.7973,,S
461,0,3,"Wood, Mrs. Anna",female,,1,0,481577,5.7709,,S
462,0,1,"Evans, Mr. Charles",male,,0,0,861534,90.4115,D96,S
463,0,3,"Lewis, Mr. George",male,29.88,0,0,962934,18.6462,,S
464,1,2,"Roberts, Mrs. Bertha",female,19.97,0,0,649549,24.4649,,S
465,0,3,"Roberts, Mr. Frank",male,13.64,1,0,823925,12.6051,,S
466,0,3,"Jackson, Mr. John",male,,0,0,93320,2.6681,,S
467,0,3,"Davies, Mr. Walter",male,23.94,0,0,761682,11.1911,D40,Q
468,0,3,"Taylor, Miss. Anna",female,31.05,0,0,811986,25.4822,A78,S
469,0,1,"Green, Mr. Henry",male,,0,0,717752,202.3367,,C
470,1,3,"Smith, Miss. Ellen",female,19.31,0,0,588544,13.7222,,S
471,0,2,"Brown, Mr. James",male,23.88,0,1,900582,3.0795,,S
472,0,3,"Green, Mr. Edward",male,,0,2,656989,13.8921,,Q
473,1,1,"Edwards, Mr. Walter",male,14.9,1,0,847924,59.802,,S
474,0,1,"Hall, Mr. George",male,18.23,0,0,188424,15.2675,D53,Q
475,1,2,"Hall, Mr. Edward",male,32.0,0,1,668731,6.1667,C4,S
476,0,2,"Clark, Mr. Henry",male,42.6,1,1,443114,7.2822,,C
477,0,2,"Evans, Mr. Henry",male,46.1,1,0,869624,26.1111,,S
478,0,3,"Davies, Mr. William",male,21.35,0,0,881775,30.4399,,S
479,0,3,"Edwards, Mr. William",male,42.19,0,0,845545,15.179,,S
480,1,2,"Roberts, Mr. Edward",male,19.81,0,0,223276,26.6991,B19,Q
481,1,2,"Walker, Mrs. Bertha",female,19.91,0,2,497380,15.0286,,C
482,0,1,"Jackson, Mr. James",male,15.26,0,0,10123,41.7992,,S
483,1,3,"Taylor, Miss. Anna",female,33.72,0,0,979836,15.4779,D13,Q
484,1,2,"Johnson, Mrs. Helen",female,,0,0,264933,19.5821,B31,C
485,1,1,"Smith, Mr. Charles",male,56.17,0,1,628186,33.1812,,S
486,1,2,"Hall, Mrs. Ellen",female,31.68,0,0,492666,18.6275,A69,S
487,1,3,"Wilson, Miss. Alice",female,14.56,0,1,905577,10.268,,S
488,1,1,"Wilson, Mr. Henry",male,,1,0,823064,51.8956,,S
489,0,3,"Roberts, Mr. Charles",male,40.16,0,0,779160,6.2785,,S
490,0,3,"Martin, Mr. Henry",male,,0,0,646857,13.713,,Q
491,0,3,"Walker, Mr. Thomas",male,,0,0,128187,6.6301,,S
492,0,3,"Edwards, Mr. William",male,30.58,1,2,919871,38.5615,C62,S
493,1,3,"Martin, Mrs. Mary",female,24.81,3,0,72004,14.8149,,S
494,1,2,"Evans, Miss. Alice",female,19.56,0,0,461008,21.3551,,S
495,0,3,"Smith, Mr. Henry",male,13.18,0,0,385629,8.9722,,S
496,0,3,"Harris, Mrs. Bertha",female,31.29,0,0,396906,7.4727,,S
497,1,2,"Hughes, Mr. James",male,,0,0,977459,2.3258,,S
498,1,3,"Edwards, Mrs. Bertha",female,31.55,1,0,239103,5.4432,,S
499,0,2,"Roberts, Mr. Thomas",male,51.01,0,0,584158,3.0035,,S
500,0,3,"Thomas, Mrs. Alice",female,46.59,4,0,225881,1.9224,,S
501,0,3,"Green, Miss. Mary",female,24.0,0,0,912431,3.4564,,S
502,0,3,"Johnson, Mr. Henry",male,39.73,0,0,738748,23.6994,A48,S
503,0,3,"Taylor, Mr. Edward",male,21.33,1,0,420694,23.6213,,S
504,0,3,"Walker, Miss. Anna",female,,0,0,89555,5.5561,,S
505,1,3,"Green, Mr. Walter",male,,1,0,161166,2.602,,C
506,0,3,"Hall, Mr. Walter",male,13.77,0,0,250286,7.1984,,S
507,1,2,"Taylor, Mrs. Catherine",female,31.33,1,0,412226,25.9246,,Q
508,0,3,"Clark, Mr. Thomas",male,32.41,0,1,887035,20.4718,,C
509,1,3,"Evans, Mr. Edward",male,38.94,0,0,128378,11.9788,,S
510,1,1,"Brown, Mr. George",male,37.1,1,0,581151,87.7962,,S
511,0,1,"Hall, Mr. Henry",male,33.15,0,0,353846,81.6541,,S
512,0,3,"Walker, Mrs. Anna",female,47.61,0,0,56121,2.1121,,Q
513,0,1,"Harris, Mr. George",male,29.45,1,0,623134,18.5826,,S
514,0,2,"Roberts, Mr. Frank",male,35.37,0,0,707211,48.1203,,S
515,0,2,"Wood, Mr. Frank",male,,1,1,959884,18.3641,,S
516,1,1,"Wood, Miss. Bertha",female,30.54,0,0,511615,7.0889,F57,S
517,0,2,"Evans, Mr. Thomas",male,38.69,0,0,332146,21.8293,E92,S
518,1,3,"Wood, Miss. Alice",female,10.36,0,0,855975,4.53,,S
519,1,1,"Hughes, Miss. Anna",female,7.95,0,0,254883,139.6841,,S
520,1,3,"Harris, Miss. Anna",female,16.46,3,0,685608,20.0506,,C
521,0,3,"Clark, Miss. Helen",female,15.46,0,0,943954,16.1942,,S
522,1,2,"Martin, Miss. Florence",female,19.63,0,0,14402,18.207,,S
523,1,1,"Clark, Mrs. Anna",female,36.25,0,1,925924,163.2881,,S
524,0,3,"Jackson, Mr. George",male,43.85,0,1,213681,27.0285,,Q
525,1,1,"Davies, Miss. Ellen",female,30.55,0,0,486759,29.9748,F52,S
526,0,2,"Wilson, Mr. William",male,55.64,1,2,265383,24.7208,,Q
527,0,3,"Smith, Mr. Walter",male,27.54,1,0,153057,6.3387,,S
528,1,3,"Walker, Mrs. Bertha",female,35.63,1,1,705209,4.0399,,C
529,1,3,"Smith, Mrs. Ellen",female,35.73,0,0,487366,27.0126,F24,S
530,1,2,"Harris, Mrs. Margaret",female,,0,0,514220,27.5891,A5,S
531,0,3,"Johnson, Mr. Thomas",male,,0,0,488764,12.575,G55,S
532,0,3,"Wood, Mr. Thomas",male,34.84,1,0,749972,5.0569,,Q
533,0,2,"Martin, Mr. William",male,,0,0,966440,42.3856,,Q
534,0,3,"Hall, Mr. George",male,28.52,0,0,517738,4.4695,,S
535,0,1,"Jackson, Mr. John",male,53.1,0,0,164037,23.1184,,S
536,1,1,"Green, Mr. William",male,,1,0,334110,66.5005,E83,S
537,0,3,"Smith, Mr. James",male,33.52,1,0,501070,16.8487,,S
538,1,1,"Jackson, Mrs. Anna",female,,1,2,112623,50.3683,,S
539,0,1,"Edwards, Mr. Frank",male,35.44,0,0,236816,75.5447,D13,S
540,0,3,"Roberts, Mrs. Mary",female,15.49,8,2,210595,6.3161,,S
541,0,3,"Green, Mr. William",male,22.09,0,0,973225,6.938,,S
542,0,3,"Martin, Mr. Frank",male,,0,0,406771,33.6512,,Q
543,0,3,"Martin, Mr. Charles",male,64.73,0,0,880253,9.5544,,S
544,1,3,"Johnson, Mr. Walter",male,26.57,0,0,555939,26.377,,S
545,1,1,"Harris, Mrs. Alice",female,28.79,0,0,511029,11.9164,,S
546,0,2,"Jackson, Mr. Thomas",male,20.92,0,1,939250,33.7246,,S
547,0,2,"Martin, Mr. William",male,29.33,0,0,695031,8.1272,,S
548,1,1,"Green, Miss. Bertha",female,33.19,0,0,247322,117.857,,S
549,1,3,"Roberts, Mrs. Helen",female,,1,0,288830,5.2433,G85,S
550,0,2,"Walker, Mr. Charles",male,38.8,1,0,669423,11.3223,,S
551,0,3,"Harris, Mr. Frank",male,21.62,0,0,12219,3.9269,C70,S
552,0,1,"Hughes, Mr. Henry",male,34.43,0,2,161020,119.4572,,S
553,0,1,"Taylor, Mr. William",male,18.61,1,0,83582,132.8759,,S
554,0,3,"Johnson, Mr. Henry",male,,0,0,716614,5.4373,,S
555,1,1,"Brown, Mr. Frank",male,18.07,0,0,446930,15.6379,,S
556,1,1,"Davies, Mrs. Elizabeth",female,31.18,0,0,21227,168.7868,E65,S
557,0,2,"Wood, Mr. Henry",male,43.83,0,3,744239,9.2707,,S
558,0,3,"Taylor, Mr. Frank",male,38.95,0,2,659360,9.1645,,S
559,0,3,"Walker, Mr. William",male,42.7,0,0,721449,4.6013,,C
560,0,3,"Harris, Mrs. Elizabeth",female,,0,4,171585,17.247,,S
561,1,1,"Hughes, Mr. George",male,,0,0,876191,113.4329,,S
562,1,2,"Green, Miss. Elizabeth",female,,0,0,188521,44.7459,,S
563,1,3,"Walker, Miss. Helen",female,27.03,0,0,575160,22.3655,B91,S
564,0,3,"Clark, Mr. Walter",male,,0,0,563317,21.3124,G22,S
565,0,3,"Lewis, Mr. James",male,38.15,0,0,226534,9.8435,E78,S
566,0,3,"Lewis, Mr. Frank",male,34.94,0,0,381657,8.9139,,S
567,0,3,"Thomas, Mr. Edward",male,17.17,0,0,61675,17.0763,,S
568,1,1,"Edwards, Miss. Ellen",female,25.92,0,2,476591,60.8374,,S
569,0,2,"Wood, Mr. Henry",male,20.74,0,5,680340,35.2229,F77,S
570,1,3,"Lewis, Mrs. Ellen",female,12.19,0,0,315799,4.3367,,S
571,0,2,"Wilson, Mr. Frank",male,38.97,0,0,542390,2.7711,,S
572,0,3,"Smith, Mr. Walter",male,12.22,0,0,953931,15.6702,,S
573,0,3,"Green, Mr. William",male,17.25,0,0,242269,6.6924,,S
574,1,3,"Hall, Mrs. Helen",female,22.86,1,0,297749,3.7395,,S
575,0,3,"Green, Miss. Mary",female,21.37,0,0,128793,41.4932,,C
576,0,3,"Thomas, Mr. Charles",male,12.29,1,0,546626,10.5708,,C
577,1,3,"Harris, Mr. Frank",male,11.51,0,0,211803,2.9521,,C
578,0,3,"Smith, Mrs. Anna",female,,0,0,855811,6.0305,,S
579,0,3,"Wood, Mr. James",male,31.12,1,0,298033,8.3193,,S
580,1,2,"Walker, Miss. Alice",female,41.34,0,2,667538,23.7483,,C
581,0,3,"Lewis, Mr. Frank",male,,0,0,197324,6.0576,,S
582,1,3,"Edwards, Mr. George",male,43.76,0,0,329548,9.2743,,S
583,1,1,"Jackson, Mr. Charles",male,13.08,8,0,179484,83.3631,,S
584,0,2,"Evans, Mr. Edward",male,,4,0,556911,22.6693,C71,C
585,0,3,"Thomas, Mr. Frank",male,43.32,0,0,37494,9.8169,,S
586,0,3,"Clark, Mr. Edward",male,24.56,1,0,92161,33.2959,D88,S
587,1,1,"Brown, Mrs. Catherine",female,28.8,0,0,506409,112.2885,,S
588,0,2,"Brown, Mr. Edward",male,45.13,0,0,550228,25.6886,,S
589,0,1,"Davies, Mr. James",male,26.02,0,0,336419,105.0827,,S
590,0,1,"Brown, Mr. George",male,44.36,0,0,437074,148.724,C35,C
591,0,3,"Evans, Mr. John",male,35.58,0,0,422321,12.2646,,S
592,0,2,"Hughes, Mr. Charles",male,25.54,1,0,760353,6.5695,,S
593,0,2,"Clark, Mr. Edward",male,36.24,0,0,451986,21.8846,,S
594,0,3,"Hall, Mr. James",male,34.17,0,0,849422,15.565,,S
595,1,1,"Thomas, Mr. John",male,43.27,0,0,224856,164.8384,,S
596,1,2,"Wood, Mrs. Elizabeth",female,35.34,0,0,207620,5.9622,,S
597,0,3,"Thomas, Mr. Frank",male,30.54,0,0,409687,4.8202,B57,Q
598,1,3,"Clark, Miss. Catherine",female,17.88,3,0,90720,10.8378,,S
599,0,3,"Wood, Mr. John",male,39.15,0,0,674343,16.5969,,S
600,0,3,"Evans, Mr. George",male,16.67,0,0,396651,3.2167,,Q
601,0,3,"Davies, Mrs. Florence",female,38.08,1,0,372735,3.9776,,S
602,0,3,"Davies, Mrs. Bertha",female,0.42,3,1,538808,19.4812,,Q
603,0,3,"Wilson, Miss. Ellen",female,,1,2,91283,3.3505,,S
604,0,3,"Lewis, Mr. Frank",male,45.71,0,2,383033,4.8816,,S
605,1,3,"Roberts, Mr. James",male,59.04,0,0,972494,20.3533,,S
606,0,3,"Green, Mrs. Mary",female,35.26,0,0,632274,16.4235,,S
607,0,3,"Taylor, Mr. Frank",male,,1,0,578235,6.1124,,S
608,0,1,"Evans, Mr. Frank",male,31.11,1,0,510594,97.4954,,S
609,1,3,"Taylor, Mrs. Bertha",female,35.11,1,0,474035,13.0506,,S
610,1,2,"Clark, Miss. Elizabeth",female,17.49,0,0,937258,14.6428,,S
611,0,3,"Edwards, Miss. Catherine",female,,0,0,931050,7.6356,B19,C
612,0,3,"Hall, Mr. Thomas",male,22.3,0,0,415296,14.6593,,S
613,0,3,"Clark, Mr. Frank",male,18.11,0,0,925481,3.6476,D44,C
614,1,3,"Roberts, Miss. Helen",female,18.82,0,0,91669,14.5371,,Q
615,0,2,"Clark, Mr. Edward",male,,0,2,326515,18.7128,E89,C
616,0,3,"Clark, Miss. Alice",female,19.61,0,0,308915,12.827,,C
617,0,3,"Harris, Mr. Walter",male,24.16,1,0,700287,4.6885,,S
618,0,2,"Taylor, Mr. Frank",male,49.63,1,2,609834,39.9195,,S
619,1,1,"Evans, Miss. Bertha",female,,1,0,477883,39.6138,,S
620,1,1,"Walker, Mr. Henry",male,41.31,1,0,263464,45.1355,,Q
621,0,3,"Hughes, Mr. Edward",male,23.7,1,0,511800,9.2233,,S
622,1,3,"Johnson, Mr. Edward",male,37.1,0,0,276298,16.3961,,C
623,1,3,"Roberts, Miss. Catherine",female,24.04,0,0,502504,12.5415,,Q
624,0,3,"Edwards, Miss. Margaret",female,25.22,0,1,346176,2.3253,G43,S
625,0,3,"Walker, Mr. John",male,41.82,0,0,889735,10.4538,,S
626,0,2,"Lewis, Mr. Thomas",male,,0,1,748679,17.1309,,S
627,0,3,"Thomas, Miss. Catherine",female,18.04,1,3,183517,26.3767,,S
628,1,1,"Martin, Mr. John",male,18.91,1,0,940730,53.0386,,S
629,0,3,"Clark, Mr. Frank",male,33.37,3,0,662193,15.3909,,C
630,1,3,"Thomas, Mr. George",male,33.36,4,0,356872,54.2612,,S
631,0,3,"Wood, Mr. Edward",male,36.31,1,0,535155,23.3645,,S
632,1,3,"Hughes, Miss. Margaret",female,,0,0,203532,4.4549,,S
633,1,1,"Thomas, Mrs. Florence",female,30.62,1,0,56355,116.135,F1,S
634,1,2,"Wilson, Mrs. Florence",female,14.88,1,1,426430,22.4335,,C
635,0,1,"Thomas, Mr. John",male,41.34,1,0,784352,51.625,,S
636,0,1,"Thomas, Mr. Thomas",male,32.42,0,0,358320,117.0886,,C
637,0,3,"Lewis, Mr. John",male,,0,0,390406,4.3933,,S
638,1,3,"Edwards, Mr. George",male,,2,0,990123,6.2389,,S
639,0,3,"Hughes, Mr. Charles",male,11.73,0,0,987377,9.301,G66,S
640,0,3,"Harris, Mr. George",male,42.56,0,1,469229,7.6902,,S
641,0,3,"Jackson, Mr. Frank",male,25.19,0,0,53743,16.7624,C1,S
642,0,3,"Evans, Mr. George",male,34.45,0,0,682489,10.2334,G36,C
643,1,1,"Roberts, Miss. Mary",female,53.93,0,0,717565,45.6727,,C
644,1,1,"Lewis, Mr. William",male,51.38,8,0,914649,149.2644,,S
645,0,3,"Hall, Mr. Edward",male,18.6,1,0,948571,16.3153,,S
646,1,3,"Harris, Mrs. Helen",female,22.85,1,2,632770,2.8306,,C
647,1,1,"Taylor, Miss. Anna",female,46.91,0,0,116057,17.9261,,C
648,1,3,"Wilson, Mrs. Florence",female,32.89,0,2,256884,7.1103,,S
649,0,3,"Thomas, Mr. George",male,34.3,0,0,719513,3.1976,,S
650,1,1,"Smith, Miss. Anna",female,19.09,0,0,611335,133.2499,,Q
651,0,2,"Wilson, Mr. Edward",male,23.62,0,0,441619,9.9928,,S
652,0,3,"Davies, Mr. George",male,,1,0,407857,15.377,,S
653,0,3,"Brown, Mr. George",male,0.42,8,0,712450,17.797,,C
654,1,1,"Wood, Mr. Walter",male,29.49,0,0,428125,9.8966,E31,S
655,0,3,"Davies, Mr. Walter",male,,0,2,163232,6.749,,C
656,0,2,"Hughes, Mr. Frank",male,,0,0,979530,13.7984,,S
657,0,3,"Evans, Miss. Anna",female,10.74,0,0,355889,12.9561,,C
658,0,2,"Wood, Mr. Edward",male,25.76,0,0,285804,30.5017,,Q
659,1,3,"Green, Mr. William",male,27.69,0,0,78621,42.7141,,Q
660,0,2,"Smith, Mr. Walter",male,25.1,0,0,474245,47.879,C61,Q
661,0,2,"Johnson, Mr. Henry",male,5.08,0,0,986339,15.5988,E51,C
662,0,3,"Clark, Mr. John",male,15.28,1,0,168268,10.0461,,S
663,0,1,"Taylor, Mr. William",male,,0,0,252253,187.2336,F55,Q
664,0,1,"Clark, Mr. James",male,2.57,0,1,186758,68.3145,,Q
665,1,2,"Harris, Mrs. Florence",female,34.55,0,0,103110,10.1865,,S
666,0,3,"Martin, Miss. Alice",female,41.8,0,0,607448,20.8566,,S
667,0,3,"Wilson, Mr. Charles",male,52.67,0,0,305208,13.4229,,S
668,0,3,"Edwards, Mr. William",male,39.99,1,1,753504,2.7299,F42,S
669,1,2,"Smith, Mrs. Florence",female,,1,0,406636,12.7181,F30,S
670,1,2,"Taylor, Miss. Florence",female,14.08,0,2,640094,5.0737,,S
671,1,1,"Davies, Mr. Henry",male,20.37,0,0,98498,3.9486,,S
672,1,3,"Hughes, Mrs. Anna",female,33.33,0,0,335990,34.013,F77,S
673,1,3,"Jackson, Miss. Alice",female,32.38,0,0,419903,11.6302,,S
674,1,3,"Lewis, Miss. Alice",female,,0,0,69021,8.5169,B66,Q
675,0,3,"Davies, Mr. Thomas",male,,1,0,425091,7.0648,C29,S
676,0,2,"Martin, Mr. Charles",male,,0,0,475560,16.5025,,S
677,0,3,"Thomas, Mr. Thomas",male,,0,0,409801,6.9905,,S
678,0,3,"Brown, Mr. John",male,,0,2,509226,4.5296,,C
679,1,1,"Lewis, Mr. Henry",male,23.57,0,0,799261,47.4172,G61,C
680,0,2,"Johnson, Mr. Charles",male,37.2,2,0,772944,41.6785,,S
681,0,1,"Roberts, Mr. Walter",male,22.42,0,0,23959,132.6556,A26,S
682,0,1,"Lewis, Mr. Henry",male,38.06,0,0,643886,47.4681,,S
683,1,1,"Green, Miss. Elizabeth",female,,0,0,905039,234.648,,S
684,0,3,"Green, Mr. Charles",male,29.21,1,0,872545,10.0459,,C
685,0,3,"Martin, Mr. Henry",male,,0,0,330120,5.4909,,S
686,1,2,"Davies, Miss. Mary",female,41.04,0,0,785152,21.3267,,S
687,1,2,"Taylor, Mrs. Florence",female,,0,0,802964,46.1541,,S
688,0,3,"Hughes, Mrs. Margaret",female,35.49,0,0,372218,26.2316,,S
689,0,3,"Jackson, Mrs. Elizabeth",female,14.96,1,1,870451,5.7317,,S
690,1,3,"Johnson, Mrs. Ellen",female,44.61,0,0,635898,3.7273,,S
691,0,2,"Clark, Mr. Thomas",male,70.15,0,0,753598,12.1649,,S
692,0,3,"Johnson, Mr. William",male,36.71,0,2,749812,15.5797,,S
693,0,1,"Martin, Mr. Edward",male,,0,0,783531,120.6406,B56,S
694,0,2,"Johnson, Mr. Charles",male,39.15,0,0,957310,36.5556,,Q
695,0,3,"Thomas, Mrs. Helen",female,32.14,1,1,858844,12.1131,,S
696,0,3,"Evans, Mr. James",male,24.23,0,0,428128,12.4111,,S
697,0,3,"Smith, Mr. Walter",male,23.42,0,1,566431,11.7824,C4,S
698,1,3,"Hughes, Mr. Walter",male,38.42,0,0,651798,21.695,,C
699,0,3,"Jackson, Mr. Charles",male,27.74,1,2,857983,18.9009,,Q
700,0,2,"Clark, Mr. William",male,31.8,0,2,398736,8.5441,,C
701,0,1,"Evans, Mr. William",male,44.14,0,0,319843,111.8865,,S
702,1,2,"Green, Mrs. Florence",female,,0,1,740449,31.9145,,C
703,1,1,"Smith, Mr. Edward",male,,0,0,954626,141.4458,,S
704,0,3,"Hall, Miss. Alice",female,42.59,4,0,912872,13.434,,C
705,1,2,"Wood, Miss. Alice",female,,0,0,156477,19.851,,C
706,0,3,"Walker, Mr. William",male,,0,0,920032,10.3847,,S
707,0,3,"Evans, Mr. Charles",male,,0,0,791294,11.227,,S
708,1,3,"Hughes, Miss. Bertha",female,35.2,0,0,165516,32.6851,G84,S
709,1,2,"Roberts, Mr. John",male,,0,0,16480,17.7129,,S
710,0,3,"Roberts, Miss. Alice",female,,0,0,212055,5.9465,,C
711,0,3,"Taylor, Mr. John",male,41.83,0,2,930131,13.6426,,S
712,1,3,"Evans, Miss. Elizabeth",female,43.72,1,0,757379,18.415,,C
713,1,3,"Walker, Miss. Catherine",female,34.21,1,1,579553,21.2736,B29,Q
714,0,3,"Hughes, Mr. William",male,30.83,0,1,634699,4.4824,,S
715,0,3,"Wood, Mr. Edward",male,21.24,4,0,419188,28.3359,,S
716,1,1,"Edwards, Mrs. Bertha",female,49.1,4,0,906055,115.8945,F20,S
717,0,3,"Hall, Mr. James",male,30.25,0,1,164667,27.274,,C
718,0,1,"Edwards, Mr. Frank",male,,0,0,320662,19.869,,S
719,0,3,"Evans, Mr. Walter",male,5.49,0,0,208585,22.4619,,S
720,0,3,"Green, Mr. James",male,,0,2,849539,4.2867,,S
721,1,3,"Johnson, Miss. Anna",female,,0,0,544650,8.6621,,Q
722,1,2,"Green, Miss. Florence",female,33.16,0,0,686937,28.2241,G69,S
723,0,1,"Green, Mr. Henry",male,,3,1,920232,25.2472,,S
724,0,3,"Edwards, Miss. Helen",female,,0,0,203501,6.9456,,Q
725,1,1,"Hughes, Mr. Henry",male,15.97,1,1,964781,19.505,,S
726,1,1,"Brown, Mr. Charles",male,8.84,0,0,135229,116.3625,,S
727,0,2,"Johnson, Mr. William",male,,0,0,756746,8.4201,,S
728,1,1,"Roberts, Miss. Anna",female,,1,0,705695,70.8582,,S
729,0,3,"Harris, Mr. Walter",male,,0,0,827163,14.6014,C58,S
730,0,3,"Wilson, Mr. Charles",male,40.17,0,2,166876,13.5296,,S
731,0,2,"Harris, Mr. Henry",male,10.91,0,0,960305,19.4578,E20,S
732,1,1,"Clark, Mrs. Bertha",female,30.66,1,0,796384,81.6061,,S
733,0,1,"Hughes, Mr. George",male,33.34,0,0,119528,20.8277,,S
734,0,2,"Brown, Mr. James",male,32.31,0,2,561523,13.9121,,S
735,1,1,"Wood, Mrs. Mary",female,36.33,0,0,819098,81.0698,,S
736,0,3,"Thomas, Mr. Edward",male,18.08,0,0,482097,11.5605,D96,C
737,0,1,"Brown, Mr. Edward",male,,0,0,387097,63.8123,,C
738,0,2,"Wilson, Mr. Henry",male,,0,0,282773,9.4343,,S
739,0,2,"Edwards, Mr. George",male,40.73,0,3,520776,20.4865,C2,C
740,0,2,"Hall, Mr. John",male,19.53,0,2,984006,23.31,,C
741,1,1,"Smith, Mrs. Bertha",female,,0,0,611440,49.9081,C75,S
742,0,1,"Green, Mr. Walter",male,0.42,1,0,724944,138.1125,,Q
743,1,3,"Wood, Miss. Bertha",female,34.51,0,0,781832,28.7307,,C
744,1,1,"Hughes, Mrs. Anna",female,19.84,0,0,780282,71.9233,,S
745,1,3,"Smith, Mr. Frank",male,16.75,0,0,406444,5.6607,C23,S
746,1,3,"Edwards, Mr. James",male,32.15,3,0,771023,3.862,,S
747,1,2,"Clark, Miss. Bertha",female,22.37,0,0,334765,13.1741,,S
748,0,2,"Davies, Mr. George",male,0.63,0,2,588174,16.1895,,C
749,1,3,"Taylor, Mrs. Bertha",female,,0,0,309428,3.671,G35,S
750,1,3,"Thomas, Mrs. Helen",female,17.72,0,0,940300,8.3571,,S
751,0,2,"Davies, Mr. Walter",male,36.31,0,0,732848,31.7206,,S
752,0,2,"Wilson, Mr. Frank",male,,0,0,587982,1.9282,C22,C
753,1,2,"Smith, Mr. Henry",male,30.39,0,0,456991,17.9387,,S
754,0,3,"Martin, Mr. Thomas",male,26.32,0,0,524844,6.9108,A34,C
755,0,3,"Taylor, Mr. Frank",male,33.94,0,0,782106,10.7721,,S
756,0,1,"Brown, Mr. Edward",male,31.62,1,0,280973,192.2797,,S
757,1,2,"Wood, Mrs. Alice",female,42.55,0,1,830179,15.9894,,S
758,1,3,"Johnson, Miss. Anna",female,21.93,2,2,288918,9.2798,,S
759,1,1,"Brown, Miss. Alice",female,39.28,1,0,150199,111.2174,D7,S
760,0,3,"Wilson, Mr. Edward",male,,1,0,739514,13.4487,,S
761,0,3,"Davies, Mr. Thomas",male,29.89,1,0,711264,11.6973,,S
762,0,1,"Thomas, Mr. William",male,22.09,0,0,341419,89.1752,,S
763,0,1,"Walker, Mr. Henry",male,,0,2,652284,158.304,C86,C
764,1,1,"Thomas, Miss. Margaret",female,43.05,0,2,731422,127.4141,,S
765,1,3,"Hall, Mr. Henry",male,17.45,0,0,789954,8.791,C12,S
766,0,1,"Brown, Mr. John",male,,0,0,953178,185.5633,,C
767,1,1,"Walker, Miss. Catherine",female,13.92,0,0,855812,46.9167,,S
768,0,1,"Brown, Mr. Edward",male,34.22,0,0,444913,75.3503,,S
769,0,1,"Roberts, Mr. Walter",male,54.42,2,2,237935,81.8259,,S
770,0,3,"Roberts, Mr. Frank",male,21.3,1,0,106352,8.4667,,S
771,1,1,"Green, Mr. George",male,29.04,0,0,578064,172.447,,C
772,1,3,"Green, Miss. Anna",female,37.96,0,0,669880,8.1367,,S
773,0,3,"Johnson, Mr. Thomas",male,29.7,0,0,693972,9.7822,,S
774,1,3,"Smith, Mrs. Alice",female,23.08,1,0,19427,21.7049,,S
775,1,1,"Evans, Mrs. Margaret",female,15.54,0,1,704340,48.3406,,S
776,0,3,"Harris, Mrs. Mary",female,46.31,0,0,789132,3.5276,C43,S
777,0,3,"Roberts, Mr. John",male,16.04,0,0,724537,11.909,B68,S
778,0,1,"Wood, Mr. Thomas",male,7.55,0,0,530396,29.573,,S
779,1,3,"Taylor, Miss. Margaret",female,,1,0,25021,4.1285,,S
780,0,3,"Clark, Mr. Thomas",male,16.39,4,0,494834,1.2899,,S
781,0,2,"Brown, Mr. Henry",male,37.59,0,0,648299,2.3298,,C
782,1,3,"Evans, Miss. Elizabeth",female,18.72,0,0,573747,1.6546,,S
783,0,3,"Johnson, Mr. Edward",male,18.25,0,0,578837,31.2372,,S
784,0,3,"Evans, Miss. Helen",female,26.3,0,1,521243,1.647,G22,S
785,0,3,"Hughes, Miss. Elizabeth",female,33.38,5,0,556500,4.4732,G80,S
786,1,2,"Taylor, Miss. Margaret",female,,1,2,330539,15.2443,,S
787,0,3,"Roberts, Mr. Walter",male,35.19,0,0,608911,16.6847,,S
788,0,2,"Taylor, Miss. Bertha",female,16.75,0,0,288693,27.5261,,S
789,0,3,"Davies, Mr. Walter",male,20.73,0,0,496562,5.6638,,S
790,1,3,"Hall, Miss. Anna",female,28.97,0,0,421144,11.5039,E51,S
791,1,1,"Green, Miss. Mary",female,33.86,0,0,717060,62.606,,S
792,1,2,"Hughes, Mrs. Mary",female,24.6,1,0,895959,16.9576,F16,S
793,0,2,"Walker, Mr. John",male,39.23,0,1,636935,18.6698,,S
794,0,1,"Johnson, Mr. Henry",male,51.72,0,0,144016,94.1213,,S
795,1,1,"Wilson, Mr. Frank",male,36.41,1,0,670829,43.9725,,C
796,1,2,"Taylor, Mr. Frank",male,29.48,1,5,331516,12.5938,,S
797,0,1,"Wood, Mr. Charles",male,1.46,0,0,59001,268.2716,,C
798,1,1,"Roberts, Mr. George",male,3.71,0,2,200377,46.2039,F50,S
799,0,3,"Smith, Mr. Edward",male,31.68,0,1,999373,11.6555,,S
800,1,3,"Hall, Miss. Catherine",female,,1,1,432865,9.756,,S
801,0,3,"Thomas, Miss. Florence",female,28.0,0,1,209703,11.3201,F34,C
802,0,2,"Jackson, Mr. Thomas",male,30.85,0,0,142163,33.9913,,S
803,0,3,"Johnson, Mrs. Catherine",female,55.19,0,0,653826,9.3333,D67,S
804,0,3,"Thomas, Miss. Bertha",female,32.37,0,0,763186,3.9694,,S
805,0,1,"Brown, Mr. James",male,,0,0,359609,43.3215,,S
806,0,1,"Wood, Mr. George",male,45.97,1,0,112432,60.4116,,Q
807,0,3,"Martin, Mrs. Ellen",female,28.49,0,0,361121,12.4243,,S
808,1,1,"Hughes, Miss. Margaret",female,28.56,0,0,668608,36.745,,S
809,1,3,"Roberts, Miss. Mary",female,,5,0,122851,6.2305,,S
810,1,3,"Lewis, Mrs. Anna",female,27.63,0,0,275032,12.7552,,S
811,1,1,"Green, Miss. Helen",female,27.32,0,1,11984,84.4948,C27,C
812,0,1,"Brown, Mr. Thomas",male,34.88,0,1,477467,129.4029,,C
813,0,3,"Lewis, Mr. William",male,34.95,0,0,178835,6.6357,,C
814,1,3,"Wood, Mr. James",male,36.83,0,0,207987,15.5868,,S
815,1,1,"Brown, Mrs. Helen",female,67.31,0,0,121869,63.1293,,S
816,0,3,"Smith, Mr. Walter",male,40.3,0,0,732920,7.4371,,S
817,1,3,"Smith, Mr. James",male,,0,0,494604,10.0147,E90,S
818,1,3,"Jackson, Mrs. Alice",female,8.56,0,0,948792,11.0876,E14,C
819,0,3,"Wood, Mr. Edward",male,25.57,1,0,401087,3.5778,,S
820,1,2,"Johnson, Mrs. Margaret",female,15.87,0,0,229527,5.9245,,S
821,0,1,"Brown, Mr. James",male,,1,0,212051,110.4239,,S
822,1,3,"Lewis, Miss. Florence",female,41.59,0,0,953620,8.0285,,C
823,1,2,"Davies, Mrs. Alice",female,34.14,0,0,593823,19.2152,D32,S
824,0,3,"Taylor, Mr. Thomas",male,,0,0,332020,16.7417,,S
825,1,3,"Harris, Miss. Helen",female,,0,0,657624,10.0599,,S
826,0,1,"Davies, Mr. James",male,,0,0,562268,102.0042,D68,C
827,0,3,"Edwards, Mr. William",male,55.77,1,0,123641,11.14,E70,S
828,1,1,"Clark, Miss. Anna",female,47.87,0,0,704573,74.4802,,S
829,1,3,"Roberts, Mrs. Elizabeth",female,41.28,0,2,127995,23.3092,,S
830,0,2,"Martin, Mr. James",male,25.15,0,0,207275,14.2384,,C
831,0,3,"Evans, Mr. Edward",male,44.38,0,0,716192,17.2246,,Q
832,1,3,"Thomas, Mrs. Helen",female,29.97,0,0,450315,2.9832,,S
833,0,2,"Brown, Mr. Henry",male,24.52,0,1,229945,18.7191,,S
834,0,3,"Hall, Mr. Frank",male,,0,2,77149,27.288,,S
835,0,3,"Smith, Mr. Walter",male,23.0,0,0,597717,43.4481,,S
836,0,3,"Edwards, Mr. Thomas",male,29.51,0,0,700082,3.1387,,S
837,1,3,"Clark, Mrs. Alice",female,42.58,0,0,211024,7.9968,,S
838,1,3,"Smith, Mr. John",male,39.15,0,0,422449,4.6701,,C
839,1,2,"Taylor, Mr. George",male,55.23,0,0,350804,14.6729,,S
840,1,3,"Brown, Mrs. Anna",female,20.72,1,0,892727,19.1684,A84,S
841,0,1,"Walker, Mr. John",male,49.0,0,2,792993,154.2185,B74,S
842,1,3,"Davies, Mrs. Alice",female,,1,1,281251,24.3817,,S
843,0,3,"Johnson, Mr. Charles",male,33.07,0,0,518419,2.8602,,S
844,1,2,"Thomas, Mrs. Ellen",female,33.29,0,5,924364,16.7859,,S
845,1,1,"Davies, Mrs. Margaret",female,34.75,0,0,352281,42.1638,B16,S
846,0,3,"Brown, Miss. Helen",female,,0,0,149629,9.1199,F84,S
847,0,2,"Edwards, Mr. William",male,31.32,0,1,305340,11.2297,,S
848,0,3,"Green, Mr. Charles",male,11.64,1,0,610896,3.0112,,S
849,1,1,"Edwards, Miss. Ellen",female,8.96,0,0,992369,155.2209,,S
850,0,3,"Harris, Mr. William",male,12.04,0,0,314729,5.7354,,S
851,1,1,"Green, Mr. Henry",male,36.39,0,0,67978,42.8218,,S
852,1,1,"Jackson, Mr. George",male,56.83,0,0,189963,177.0196,G36,S
853,1,3,"Hughes, Mrs. Margaret",female,23.29,1,0,418426,2.4963,E53,S
854,0,3,"Smith, Mrs. Alice",female,22.18,0,0,102997,14.4189,,S
855,0,1,"Evans, Mr. James",male,48.47,0,0,44629,135.6947,,Q
856,0,3,"Evans, Mrs. Florence",female,32.58,2,0,659085,25.9777,,S
857,0,3,"Wood, Mr. John",male,9.91,3,0,826125,13.7316,,S
858,0,3,"Walker, Mr. Edward",male,26.06,0,0,240836,17.442,D79,S
859,0,2,"Johnson, Mr. James",male,44.24,0,0,527390,32.2966,,C
860,0,3,"Jackson, Mr. Thomas",male,37.16,1,0,577085,9.6511,,S
861,0,3,"Roberts, Mr. Frank",male,12.98,0,1,670930,5.0588,,Q
862,1,3,"Taylor, Mrs. Florence",female,,0,0,979623,28.7589,,S
863,0,3,"Roberts, Mrs. Ellen",female,,0,1,886364,16.1739,C16,C
864,1,3,"Evans, Mr. Henry",male,27.1,1,0,322801,10.9014,G52,S
865,1,1,"Lewis, Mr. Walter",male,44.79,2,0,975934,20.4863,,S
866,0,3,"Thomas, Mr. Thomas",male,30.24,0,1,44594,0.9722,,S
867,1,3,"Evans, Miss. Ellen",female,20.33,0,0,962225,14.2211,,S
868,1,3,"Wood, Mrs. Anna",female,13.23,0,0,151394,0.8886,,C
869,0,1,"Green, Mrs. Ellen",female,51.03,0,0,122843,69.8731,,C
870,0,1,"Wilson, Mr. Charles",male,47.03,1,0,128128,38.5408,,S
871,0,3,"Smith, Mr. George",male,,0,6,130793,7.2846,,S
872,1,1,"Hughes, Mr. Edward",male,44.06,0,0,468650,158.6782,,S
873,0,3,"Martin, Mr. Henry",male,,1,1,643762,6.0129,,S
874,1,2,"Green, Mr. Thomas",male,33.45,0,0,747203,17.2618,,S
875,0,3,"Hughes, Mr. John",male,31.16,1,1,25730,6.0405,,S
876,1,3,"Jackson, Miss. Ellen",female,53.28,0,2,303479,13.2955,,S
877,0,2,"Hall, Mr. John",male,14.24,1,0,141006,18.4244,D79,C
878,0,2,"Evans, Mr. James",male,17.58,0,0,154384,16.645,,C
879,1,3,"Lewis, Miss. Bertha",female,19.0,0,0,748950,21.045,E31,C
880,0,3,"Hall, Mr. Henry",male,33.14,0,0,644358,2.5028,,S
881,1,2,"Wilson, Miss. Ellen",female,23.05,0,0,217846,2.8364,,Q
882,0,3,"Brown, Mr. Walter",male,29.46,0,1,308168,3.7587,,S
883,0,3,"Roberts, Miss. Ellen",female,35.94,0,2,925685,12.0203,,S
884,0,3,"Wilson, Mr. Charles",male,,0,0,579418,14.9443,B84,S
885,1,1,"Hughes, Mr. James",male,26.99,1,0,246433,1.8966,,C
886,1,2,"Lewis, Mrs. Catherine",female,30.37,0,0,934447,22.7791,,S
887,0,2,"Thomas, Mr. Frank",male,,0,0,206629,12.5472,,C
888,0,1,"Evans, Mr. Charles",male,,1,0,298433,188.9821,,S
889,0,1,"Hughes, Mr. Charles",male,38.27,0,0,695835,90.7822,,C
890,0,3,"Walker, Mr. Thomas",male,14.52,1,0,517366,27.0396,A92,S
891,1,2,"Hall, Mrs. Helen",female,31.25,0,0,78558,36.5327,,Q
